ID,Name,Form,Type1,Type2,Total,HP,Attack,Defense,Sp. Atk,Sp. Def,Speed,Generation,Cluster,PCA1,PCA2
493,Arceus,,Normal,,720,120,120,120,120,120,120,4,4,4.211270248274693,0.4579618443043879
890,Eternatus,,Poison,Dragon,690,140,85,95,145,95,130,8,4,3.7333140409605914,1.6806074761134893
792,Lunala,,Psychic,Ghost,680,137,113,89,137,107,97,7,4,3.752051221792692,0.7311384831029207
784,Kommo-o,,Dragon,Fighting,600,75,110,125,100,105,85,7,4,2.502170338038946,-0.4813524869392182
