ID,Name,Form,Type1,Type2,Total,HP,Attack,Defense,Sp. Atk,Sp. Def,Speed,Generation,Cluster,PCA1,PCA2
493,Arceus,,Normal,,720,120,120,120,120,120,120,4,4,4.211270248274693,0.4579618443043879
890,Eternatus,,Poison,Dragon,690,140,85,95,145,95,130,8,4,3.7333140409605914,1.6806074761134893
792,Lunala,,Psychic,Ghost,680,137,113,89,137,107,97,7,4,3.752051221792692,0.7311384831029207
235,Smeargle,,Normal,,250,55,20,35,20,45,75,2,3,-2.63255374857648,0.6826054871000415
191,Sunkern,,Grass,,180,30,30,30,30,30,30,2,3,-3.5292696882233154,-0.0759135227194955
824,Blipbug,,Bug,,180,25,20,20,25,45,45,8,3,-3.5541786779869637,0.41228119008093156
