ID,Name,Form,Type1,Type2,Total,HP,Attack,Defense,Sp. Atk,Sp. Def,Speed,Generation,Cluster,PCA1,PCA2
493,Arceus,,Normal,,720,120,120,120,120,120,120,4,4,4.211270248274693,0.4579618443043879
890,Eternatus,,Poison,Dragon,690,140,85,95,145,95,130,8,4,3.7333140409605914,1.6806074761134893
792,Lunala,,Psychic,Ghost,680,137,113,89,137,107,97,7,4,3.752051221792692,0.7311384831029207
791,Solgaleo,,Psychic,Steel,680,137,137,107,113,89,97,7,0,3.6916755185816243,0.06633694850158446
484,Palkia,,Water,Dragon,680,90,120,100,150,120,100,4,4,3.694496558153414,0.852530947903904
250,Ho-oh,,Fire,Flying,680,106,130,90,110,154,90,2,4,3.839225699445206,0.031596131748474886
